<data><event id="2"><start_date><![CDATA[2010-05-24 00:00:00]]></start_date><end_date><![CDATA[2010-06-08 00:00:00]]></end_date><text><![CDATA[French Open]]></text><details><![CDATA[Philippe-Chatrier Court 
Paris, FRA]]></details></event><event id="3"><start_date><![CDATA[2010-06-10 00:00:00]]></start_date><end_date><![CDATA[2010-06-13 00:00:00]]></end_date><text><![CDATA[Aegon Championship]]></text><details><![CDATA[The Queens Club 
London, ENG]]></details></event><event id="4"><start_date><![CDATA[2010-06-21 00:00:00]]></start_date><end_date><![CDATA[2010-07-05 00:00:00]]></end_date><text><![CDATA[Wimbledon]]></text><details><![CDATA[Wimbledon
June 21, 2010 - July 5, 2010]]></details></event><event id="5"><start_date><![CDATA[2010-07-18 00:00:00]]></start_date><end_date><![CDATA[2010-07-27 00:00:00]]></end_date><text><![CDATA[Indianapolis Tennis Championships]]></text><details><![CDATA[Indianapolis Tennis Center 
Indianapolis, IN]]></details></event><event id="8"><start_date><![CDATA[2010-07-27 00:00:00]]></start_date><end_date><![CDATA[2010-08-02 00:00:00]]></end_date><text><![CDATA[Countrywide Classic Tennis]]></text><details><![CDATA[Los Angeles Tennis Center. Los Angeles, CA  ]]></details></event><event id="7"><start_date><![CDATA[2010-05-11 00:00:00]]></start_date><end_date><![CDATA[2010-05-18 00:00:00]]></end_date><text><![CDATA[ATP Master Tennis]]></text><details><![CDATA[La Caja Magica.
Madrid, Spain]]></details></event><event id="9"><start_date><![CDATA[2010-08-01 00:00:00]]></start_date><end_date><![CDATA[2010-08-11 00:00:00]]></end_date><text><![CDATA[Legg Mason Tennis Classic]]></text><details><![CDATA[Fitzgerald Tennis Center
Washington D.C.]]></details></event><event id="10"><start_date><![CDATA[2010-08-07 00:00:00]]></start_date><end_date><![CDATA[2010-08-17 00:00:00]]></end_date><text><![CDATA[Western & Southern Financial Group Women's Open]]></text><details><![CDATA[Lindner Family Tennis Center
Mason, OH]]></details></event><event id="11"><start_date><![CDATA[2010-08-15 00:00:00]]></start_date><end_date><![CDATA[2010-08-24 00:00:00]]></end_date><text><![CDATA[Rogers Cup Women's Tennis]]></text><details><![CDATA[Rexall Centre
Toronto, ON]]></details></event><event id="12"><start_date><![CDATA[2010-08-29 00:00:00]]></start_date><end_date><![CDATA[2010-09-14 00:00:00]]></end_date><text><![CDATA[US Open Tennis Championship]]></text><details><![CDATA[Arthur Ashe Stadium
Flushing, NY]]></details></event><event id="13"><start_date><![CDATA[2010-11-22 00:00:00]]></start_date><end_date><![CDATA[2010-11-28 00:00:00]]></end_date><text><![CDATA[Barclays ATP World Tour Finals]]></text><details><![CDATA[O2 Dome
London, ENG
]]></details></event><event id="14"><start_date><![CDATA[2010-08-17 00:00:00]]></start_date><end_date><![CDATA[2010-08-24 00:00:00]]></end_date><text><![CDATA[Western & Southern Financial Group Masters Tennis]]></text><details><![CDATA[Lindner Family Tennis Center
Mason, OH]]></details></event><event id="15"><start_date><![CDATA[2010-05-16 15:00:00]]></start_date><end_date><![CDATA[2010-05-16 18:00:00]]></end_date><text><![CDATA[ Parc Izvor ]]></text><details><![CDATA[ Bucharest, Romania ]]></details></event><event id="16"><start_date><![CDATA[2010-05-21 14:00:00]]></start_date><end_date><![CDATA[2010-05-21 17:00:00]]></end_date><text><![CDATA[ Arena Zagreb ]]></text><details><![CDATA[ Zagreb, Croatia ]]></details></event><event id="17"><start_date><![CDATA[2010-05-23 11:00:00]]></start_date><end_date><![CDATA[2010-05-23 14:00:00]]></end_date><text><![CDATA[ Gwardia Stadium ]]></text><details><![CDATA[ Warsaw, Poland ]]></details></event><event id="18"><start_date><![CDATA[2010-05-25 19:00:00]]></start_date><end_date><![CDATA[2010-05-25 22:00:00]]></end_date><text><![CDATA[ Skonto Stadium - Riga ]]></text><details><![CDATA[ Riga, Latvia ]]></details></event><event id="19"><start_date><![CDATA[2010-05-27 15:00:00]]></start_date><end_date><![CDATA[2010-05-27 18:00:00]]></end_date><text><![CDATA[ Zalgirio Stadionas ]]></text><details><![CDATA[ Vilnius, Lithuania ]]></details></event><event id="20"><start_date><![CDATA[2010-05-30 17:00:00]]></start_date><end_date><![CDATA[2010-05-30 20:00:00]]></end_date><text><![CDATA[ O2 Dome ]]></text><details><![CDATA[ London, ENG ]]></details></event><event id="21"><start_date><![CDATA[2010-05-31 16:00:00]]></start_date><end_date><![CDATA[2010-05-31 19:00:00]]></end_date><text><![CDATA[ Evenemententerrein Megaland ]]></text><details><![CDATA[ Landgraaf, NL ]]></details></event><event id="22"><start_date><![CDATA[2010-06-02 10:00:00]]></start_date><end_date><![CDATA[2010-06-02 13:00:00]]></end_date><text><![CDATA[ HSH Nordbank Arena (formerly AOL Arena) ]]></text><details><![CDATA[ Hamburg, GER ]]></details></event><event id="23"><start_date><![CDATA[2010-06-04 11:00:00]]></start_date><end_date><![CDATA[2010-06-04 14:00:00]]></end_date><text><![CDATA[ LTU Arena ]]></text><details><![CDATA[ Dusseldorf, GER ]]></details></event><event id="24"><start_date><![CDATA[2010-06-05 12:00:00]]></start_date><end_date><![CDATA[2010-06-05 15:00:00]]></end_date><text><![CDATA[ LTU Arena ]]></text><details><![CDATA[ Dusseldorf, GER ]]></details></event><event id="25"><start_date><![CDATA[2010-06-07 20:00:00]]></start_date><end_date><![CDATA[2010-06-07 23:00:00]]></end_date><text><![CDATA[ Zentralstadion - Leipzig ]]></text><details><![CDATA[ Leipzig, GER ]]></details></event><event id="26"><start_date><![CDATA[2010-06-08 17:00:00]]></start_date><end_date><![CDATA[2010-06-08 20:00:00]]></end_date><text><![CDATA[ Zentralstadion - Leipzig ]]></text><details><![CDATA[ Leipzig, GER ]]></details></event><event id="27"><start_date><![CDATA[2010-06-10 14:00:00]]></start_date><end_date><![CDATA[2010-06-10 17:00:00]]></end_date><text><![CDATA[ Olympiastadion - Berlin ]]></text><details><![CDATA[ Berlin, GER ]]></details></event><event id="28"><start_date><![CDATA[2010-06-12 14:00:00]]></start_date><end_date><![CDATA[2010-06-12 17:00:00]]></end_date><text><![CDATA[ Commerz Bank Arena ]]></text><details><![CDATA[ Frankfurt, GER ]]></details></event><event id="29"><start_date><![CDATA[2010-06-13 11:00:00]]></start_date><end_date><![CDATA[2010-06-13 14:00:00]]></end_date><text><![CDATA[ Olympic Stadium - Munich ]]></text><details><![CDATA[ Munich, GER ]]></details></event><event id="30"><start_date><![CDATA[2010-06-16 19:00:00]]></start_date><end_date><![CDATA[2010-06-16 22:00:00]]></end_date><text><![CDATA[ Stadio Olimpico ]]></text><details><![CDATA[ Rome, Italy ]]></details></event><event id="31"><start_date><![CDATA[2010-06-18 20:00:00]]></start_date><end_date><![CDATA[2010-06-18 23:00:00]]></end_date><text><![CDATA[ Comunale Giuseppe Meazza - San Siro ]]></text><details><![CDATA[ Milan, Italy ]]></details></event><event id="32"><start_date><![CDATA[2010-06-22 19:00:00]]></start_date><end_date><![CDATA[2010-06-22 22:00:00]]></end_date><text><![CDATA[ Inter Stadion Slovakia ]]></text><details><![CDATA[ Bratislava, Slovakia ]]></details></event><event id="33"><start_date><![CDATA[2010-06-23 14:00:00]]></start_date><end_date><![CDATA[2010-06-23 17:00:00]]></end_date><text><![CDATA[ Puskas Ferenc Stadium ]]></text><details><![CDATA[ Budapest, Hungary ]]></details></event><event id="34"><start_date><![CDATA[2010-06-25 10:00:00]]></start_date><end_date><![CDATA[2010-06-25 13:00:00]]></end_date><text><![CDATA[ Slavia Stadion ]]></text><details><![CDATA[ Prague, Czech Republic ]]></details></event><event id="35"><start_date><![CDATA[2010-06-27 19:00:00]]></start_date><end_date><![CDATA[2010-06-27 22:00:00]]></end_date><text><![CDATA[ Stade de France - Paris ]]></text><details><![CDATA[ Paris, FRA ]]></details></event><event id="36"><start_date><![CDATA[2010-06-30 18:00:00]]></start_date><end_date><![CDATA[2010-06-30 21:00:00]]></end_date><text><![CDATA[ Parken Stadium ]]></text><details><![CDATA[ Copenhagen, DK ]]></details></event><event id="37"><start_date><![CDATA[2010-07-02 18:00:00]]></start_date><end_date><![CDATA[2010-07-02 21:00:00]]></end_date><text><![CDATA[ Koengen ]]></text><details><![CDATA[ Bergen, Norway ]]></details></event><event id="38"><start_date><![CDATA[2010-07-03 11:00:00]]></start_date><end_date><![CDATA[2010-07-03 14:00:00]]></end_date><text><![CDATA[ Folkets Park ]]></text><details><![CDATA[ Malmo, SE ]]></details></event><event id="39"><start_date><![CDATA[2010-07-08 18:00:00]]></start_date><end_date><![CDATA[2010-07-08 21:00:00]]></end_date><text><![CDATA[ Estadio Jose Zorila ]]></text><details><![CDATA[ Valladolid, Spain ]]></details></event><event id="40"><start_date><![CDATA[2010-07-11 10:00:00]]></start_date><end_date><![CDATA[2010-07-11 13:00:00]]></end_date><text><![CDATA[ Bessa Stadium ]]></text><details><![CDATA[ Porto, Portugal ]]></details></event><event id="41"><start_date><![CDATA[2010-07-12 14:00:00]]></start_date><end_date><![CDATA[2010-07-12 17:00:00]]></end_date><text><![CDATA[ Estadio Olimpico - Seville ]]></text><details><![CDATA[ Seville, Spain ]]></details></event><event id="42"><start_date><![CDATA[2010-07-24 16:00:00]]></start_date><end_date><![CDATA[2010-07-24 19:00:00]]></end_date><text><![CDATA[ Molson Amphitheatre ]]></text><details><![CDATA[ Toronto, ON ]]></details></event><event id="43"><start_date><![CDATA[2010-07-25 18:00:00]]></start_date><end_date><![CDATA[2010-07-25 21:00:00]]></end_date><text><![CDATA[ Bell Centre ]]></text><details><![CDATA[ Montreal, QC ]]></details></event><event id="44"><start_date><![CDATA[2010-07-28 17:00:00]]></start_date><end_date><![CDATA[2010-07-28 20:00:00]]></end_date><text><![CDATA[ Nissan Pavilion ]]></text><details><![CDATA[ Bristow, VA ]]></details></event><event id="45"><start_date><![CDATA[2010-07-31 12:00:00]]></start_date><end_date><![CDATA[2010-07-31 15:00:00]]></end_date><text><![CDATA[ Comcast Center - MA (formerly Tweeter Center) ]]></text><details><![CDATA[ Mansfield, MA ]]></details></event><event id="46"><start_date><![CDATA[2010-08-01 15:00:00]]></start_date><end_date><![CDATA[2010-08-01 18:00:00]]></end_date><text><![CDATA[ Borgata Hotel Casino & Spa ]]></text><details><![CDATA[ Atlantic City, NJ ]]></details></event><event id="47"><start_date><![CDATA[2010-08-03 14:00:00]]></start_date><end_date><![CDATA[2010-08-03 17:00:00]]></end_date><text><![CDATA[ Madison Square Garden ]]></text><details><![CDATA[ New York, NY ]]></details></event><event id="48"><start_date><![CDATA[2010-08-05 15:00:00]]></start_date><end_date><![CDATA[2010-08-05 18:00:00]]></end_date><text><![CDATA[ Happy birthday!]]></text><details><![CDATA[ Prague, Czech Republic ]]></details></event><event id="49"><start_date><![CDATA[2010-08-10 16:00:00]]></start_date><end_date><![CDATA[2010-08-10 19:00:00]]></end_date><text><![CDATA[ Key Arena ]]></text><details><![CDATA[ Seattle, WA ]]></details></event><event id="50"><start_date><![CDATA[2010-08-12 11:00:00]]></start_date><end_date><![CDATA[2010-08-12 14:00:00]]></end_date><text><![CDATA[ Shoreline Amphitheatre ]]></text><details><![CDATA[ Mountain View, CA ]]></details></event><event id="51"><start_date><![CDATA[2010-08-14 19:00:00]]></start_date><end_date><![CDATA[2010-08-14 22:00:00]]></end_date><text><![CDATA[ Cricket Wireless Amphitheatre ]]></text><details><![CDATA[ Chula Vista, CA ]]></details></event><event id="52"><start_date><![CDATA[2010-08-16 17:00:00]]></start_date><end_date><![CDATA[2010-08-16 20:00:00]]></end_date><text><![CDATA[ Hollywood Bowl ]]></text><details><![CDATA[ Los Angeles, CA ]]></details></event><event id="53"><start_date><![CDATA[2010-08-17 13:00:00]]></start_date><end_date><![CDATA[2010-08-17 16:00:00]]></end_date><text><![CDATA[ Hollywood Bowl ]]></text><details><![CDATA[ Los Angeles, CA ]]></details></event><event id="54"><start_date><![CDATA[2010-08-19 17:00:00]]></start_date><end_date><![CDATA[2010-08-19 20:00:00]]></end_date><text><![CDATA[ Honda Center ]]></text><details><![CDATA[ Anaheim, CA ]]></details></event><event id="55"><start_date><![CDATA[2010-08-20 16:00:00]]></start_date><end_date><![CDATA[2010-08-20 19:00:00]]></end_date><text><![CDATA[ Santa Barbara Bowl ]]></text><details><![CDATA[ Santa Barbara, CA ]]></details></event><event id="56"><start_date><![CDATA[2010-08-22 10:00:00]]></start_date><end_date><![CDATA[2010-08-22 13:00:00]]></end_date><text><![CDATA[ Palms Casino-the Pearl ]]></text><details><![CDATA[ Las Vegas, NV ]]></details></event><event id="57"><start_date><![CDATA[2010-08-23 18:00:00]]></start_date><end_date><![CDATA[2010-08-23 21:00:00]]></end_date><text><![CDATA[ US Airways Center ]]></text><details><![CDATA[ Phoenix, AZ ]]></details></event><event id="58"><start_date><![CDATA[2010-08-25 15:00:00]]></start_date><end_date><![CDATA[2010-08-25 18:00:00]]></end_date><text><![CDATA[ E Center ]]></text><details><![CDATA[ West Valley City, UT ]]></details></event><event id="59"><start_date><![CDATA[2010-08-27 18:00:00]]></start_date><end_date><![CDATA[2010-08-27 21:00:00]]></end_date><text><![CDATA[ Red Rocks Amphitheatre ]]></text><details><![CDATA[ Morrison, CO ]]></details></event><event id="60"><start_date><![CDATA[2010-08-29 17:00:00]]></start_date><end_date><![CDATA[2010-08-29 20:00:00]]></end_date><text><![CDATA[ Superpages.com Center ]]></text><details><![CDATA[ Dallas, TX ]]></details></event><event id="61"><start_date><![CDATA[2010-08-30 18:00:00]]></start_date><end_date><![CDATA[2010-08-30 21:00:00]]></end_date><text><![CDATA[ Cynthia Woods Mitchell Pavilion ]]></text><details><![CDATA[ Houston, TX ]]></details></event><event id="62"><start_date><![CDATA[2010-09-01 15:00:00]]></start_date><end_date><![CDATA[2010-09-01 18:00:00]]></end_date><text><![CDATA[ Lakewood Amphitheatre ]]></text><details><![CDATA[ Atlanta, GA ]]></details></event><event id="63"><start_date><![CDATA[2010-09-04 10:00:00]]></start_date><end_date><![CDATA[2010-09-04 13:00:00]]></end_date><text><![CDATA[ Ford Amphitheatre at the Florida State Fairgrounds ]]></text><details><![CDATA[ Tampa Bay, FL ]]></details></event><event id="64"><start_date><![CDATA[2010-09-05 13:00:00]]></start_date><end_date><![CDATA[2010-09-05 16:00:00]]></end_date><text><![CDATA[ BankAtlantic Center ]]></text><details><![CDATA[ Sunrise, FL ]]></details></event><event id="65"><start_date><![CDATA[2010-10-31 17:00:00]]></start_date><end_date><![CDATA[2010-10-31 20:00:00]]></end_date><text><![CDATA[ Konig Pilsener Arena ]]></text><details><![CDATA[ Oberhausen, GER ]]></details></event><event id="66"><start_date><![CDATA[2010-11-01 13:00:00]]></start_date><end_date><![CDATA[2010-11-01 16:00:00]]></end_date><text><![CDATA[ Awd Dome ]]></text><details><![CDATA[ Bremen, GER ]]></details></event><event id="67"><start_date><![CDATA[2010-11-03 14:00:00]]></start_date><end_date><![CDATA[2010-11-03 17:00:00]]></end_date><text><![CDATA[ TUI Arena (formerly Preussag Arena) ]]></text><details><![CDATA[ Hanover, GER ]]></details></event><event id="68"><start_date><![CDATA[2010-11-07 13:00:00]]></start_date><end_date><![CDATA[2010-11-07 16:00:00]]></end_date><text><![CDATA[ SAP Arena ]]></text><details><![CDATA[ Mannheim, GER ]]></details></event><event id="69"><start_date><![CDATA[2010-11-08 12:00:00]]></start_date><end_date><![CDATA[2010-11-08 15:00:00]]></end_date><text><![CDATA[ Schleyerhalle ]]></text><details><![CDATA[ Stuttgart, GER ]]></details></event><event id="70"><start_date><![CDATA[2010-11-10 17:00:00]]></start_date><end_date><![CDATA[2010-11-10 20:00:00]]></end_date><text><![CDATA[ Stade De Geneve ]]></text><details><![CDATA[ Geneva, CH ]]></details></event><event id="71"><start_date><![CDATA[2010-11-12 15:00:00]]></start_date><end_date><![CDATA[2010-11-12 18:00:00]]></end_date><text><![CDATA[ Recinto Ferial - Valencia ]]></text><details><![CDATA[ Valencia, Spain ]]></details></event><event id="72"><start_date><![CDATA[2010-11-20 12:00:00]]></start_date><end_date><![CDATA[2010-11-20 15:00:00]]></end_date><text><![CDATA[ Palau Sant Jordi ]]></text><details><![CDATA[ Barcelona, Spain ]]></details></event><event id="73"><start_date><![CDATA[2010-11-23 20:00:00]]></start_date><end_date><![CDATA[2010-11-23 23:00:00]]></end_date><text><![CDATA[ Halle Tony Garnier ]]></text><details><![CDATA[ Lyon, FRA ]]></details></event><event id="74"><start_date><![CDATA[2010-12-01 13:00:00]]></start_date><end_date><![CDATA[2010-12-01 16:00:00]]></end_date><text><![CDATA[ Arena Nurnberg ]]></text><details><![CDATA[ Nuremberg, GER ]]></details></event><event id="75"><start_date><![CDATA[2010-12-03 14:00:00]]></start_date><end_date><![CDATA[2010-12-03 17:00:00]]></end_date><text><![CDATA[ Stadthalle ]]></text><details><![CDATA[ Vienna, Austria ]]></details></event><event id="76"><start_date><![CDATA[2010-12-04 13:00:00]]></start_date><end_date><![CDATA[2010-12-04 16:00:00]]></end_date><text><![CDATA[ Stadthalle Graz ]]></text><details><![CDATA[ Graz, AT ]]></details></event><event id="77"><start_date><![CDATA[2010-12-06 16:00:00]]></start_date><end_date><![CDATA[2010-12-06 19:00:00]]></end_date><text><![CDATA[ Hallenstadion ]]></text><details><![CDATA[ Zurich, CH ]]></details></event><event id="78"><start_date><![CDATA[2010-12-07 10:00:00]]></start_date><end_date><![CDATA[2010-12-07 13:00:00]]></end_date><text><![CDATA[ Hallenstadion ]]></text><details><![CDATA[ Zurich, CH ]]></details></event><event id="79"><start_date><![CDATA[2010-12-10 17:00:00]]></start_date><end_date><![CDATA[2010-12-10 20:00:00]]></end_date><text><![CDATA[ The O2 - Dublin ]]></text><details><![CDATA[ Dublin, IE ]]></details></event><event id="80"><start_date><![CDATA[2010-12-12 14:00:00]]></start_date><end_date><![CDATA[2010-12-12 17:00:00]]></end_date><text><![CDATA[ Scottish Exhibition & Conference Center ]]></text><details><![CDATA[ Glasgow, Scotland ]]></details></event><event id="81"><start_date><![CDATA[2010-12-13 15:00:00]]></start_date><end_date><![CDATA[2010-12-13 18:00:00]]></end_date><text><![CDATA[ LG Arena ]]></text><details><![CDATA[ Birmingham, ENG ]]></details></event><event id="82"><start_date><![CDATA[2010-12-15 13:00:00]]></start_date><end_date><![CDATA[2010-12-15 16:00:00]]></end_date><text><![CDATA[ O2 Dome ]]></text><details><![CDATA[ London, ENG ]]></details></event><event id="83"><start_date><![CDATA[2010-12-16 15:00:00]]></start_date><end_date><![CDATA[2010-12-16 18:00:00]]></end_date><text><![CDATA[ O2 Dome ]]></text><details><![CDATA[ London, ENG ]]></details></event><event id="84"><start_date><![CDATA[2010-12-18 16:00:00]]></start_date><end_date><![CDATA[2010-12-18 19:00:00]]></end_date><text><![CDATA[ MEN Arena Manchester ]]></text><details><![CDATA[ Manchester, ENG ]]></details></event>

<event id='1261150491' start_date='2010-12-19 07:00' end_date='2010-12-21 07:00' text='International Horse Show' details='Olympia' />
<event id='1261150492' start_date='2010-12-19 18:00' end_date='2010-12-19 20:00' text='Ladbrokes.com World Darts Championships (Evening session)' details='Alexandra Palace' />
<event id='1261150493' start_date='2010-12-20 08:00' end_date='2010-12-20 10:00' text='Peter Pan' details='O2 Arena' />
<event id='1261150494' start_date='2010-12-21 08:00' end_date='2010-12-21 10:00' text='Pet Shop Boys' details='O2 Arena' />
<event id='1261150495' start_date='2010-12-22 06:00' end_date='2010-12-22 08:00' text='Wicked' details='Apollo Victoria Theatre' />
<event id='1261150496' start_date='2010-12-23 15:00' end_date='2010-12-25 15:00' text='Ladbrokes.com World Darts Championships (Afternoon session)' details='Alexandra Palace' />
<event id='1261150497' start_date='2010-12-23 15:00' end_date='2010-12-23 17:00' text='Calendar Girls' details='Noel Coward Theatre' />
<event id='1261150498' start_date='2010-12-24 14:00' end_date='2010-12-24 16:00' text='Sister Act' details='Palladium' />
<event id='1261150499' start_date='2010-12-26 18:00' end_date='2010-12-26 20:00' text='Dirty Dancing' details='Aldwych Theatre' />
<event id='1261150500' start_date='2010-12-27 09:00' end_date='2010-12-27 11:00' text='Harlequins -  Wasps     Competition: Guinness Premiership' details='Twickenham Stadium' />
<event id='1261150501' start_date='2010-12-28 07:00' end_date='2010-12-30 07:00' text='Peter Pan' details='O2 Arena' />
<event id='1261150502' start_date='2010-12-29 08:00' end_date='2010-12-29 10:00' text='The Nutcracker' details='Coliseum' />
<event id='1261150503' start_date='2010-12-29 13:00' end_date='2010-12-29 15:00' text='The Nutcracker' details='Coliseum' />
<event id='1261150504' start_date='2010-12-30 15:00' end_date='2010-12-30 17:00' text='Peter Pan' details='O2 Arena' />
<event id='1261150505' start_date='2010-12-31 17:00' end_date='2010-12-31 19:00' text='Legally Blonde The Musical' details='Savoy Theatre' />
<event id='1261150506' start_date='2011-01-01 18:00' end_date='2011-01-03 18:00' text='Sister Act' details='Palladium' />
<event id='1261150507' start_date='2011-01-02 07:00' end_date='2011-01-02 09:00' text='Cat On a Hot Tin Roof' details='Novello Theatre' />
<event id='1261150508' start_date='2011-01-02 07:00' end_date='2011-01-02 09:00' text='Grease' details='Piccadilly Theatre' />
<event id='1261150509' start_date='2011-01-03 17:00' end_date='2011-01-03 19:00' text='Ladbrokes.com World Darts Championships' details='Alexandra Palace' />
<event id='1261150510' start_date='2011-01-05 14:00' end_date='2011-01-05 16:00' text='Calendar Girls' details='Noel Coward Theatre' />
<event id='1261150511' start_date='2011-01-06 08:00' end_date='2011-01-08 08:00' text='Dirty Dancing' details='Aldwych Theatre' />
<event id='1261150512' start_date='2011-01-07 15:00' end_date='2011-01-07 17:00' text='Cirque du Soleil Varekai' details='Royal Albert Hall' />
<event id='1261150513' start_date='2011-01-08 15:00' end_date='2011-01-08 17:00' text='Grease' details='Piccadilly Theatre' />
<event id='1261150514' start_date='2011-01-09 09:00' end_date='2011-01-09 11:00' text='The Lion King' details='Lyceum Theatre' />
<event id='1261150515' start_date='2011-01-09 07:00' end_date='2011-01-09 09:00' text='Cirque du Soleil Varekai' details='Royal Albert Hall' />
<event id='1261150516' start_date='2011-01-10 10:00' end_date='2011-01-12 10:00' text='Cirque du Soleil Varekai' details='Royal Albert Hall' />
<event id='1261150517' start_date='2011-01-12 09:00' end_date='2011-01-12 11:00' text='Masters Snooker 2011      Afternoon session' details='Wembley Arena' />
<event id='1261150518' start_date='2011-01-13 10:00' end_date='2011-01-13 12:00' text='The Lion King' details='Lyceum Theatre' />
<event id='1261150519' start_date='2011-01-13 13:00' end_date='2011-01-13 15:00' text='Cirque du Soleil Varekai' details='Royal Albert Hall' />
<event id='1261150520' start_date='2011-01-14 11:00' end_date='2011-01-14 13:00' text='Cat On a Hot Tin Roof' details='Novello Theatre' />
<event id='1261150521' start_date='2011-01-15 07:00' end_date='2011-01-17 07:00' text='Cirque du Soleil Varekai' details='Royal Albert Hall' />
<event id='1261150522' start_date='2011-01-16 07:00' end_date='2011-01-16 09:00' text='Ben Hur Live' details='O2 Arena    Not Available X' />
<event id='1261150523' start_date='2011-01-16 16:00' end_date='2011-01-16 18:00' text='Billy Connolly' details='Hammersmith Apollo' />
<event id='1261150524' start_date='2011-01-18 14:00' end_date='2011-01-18 16:00' text='Wicked' details='Apollo Victoria Theatre' />
<event id='1261150525' start_date='2011-01-20 06:00' end_date='2011-01-20 08:00' text='Wicked' details='Apollo Victoria Theatre' />
<event id='1261150526' start_date='2011-01-20 07:00' end_date='2011-01-22 07:00' text='Giselle' details='Coliseum' />
<event id='1261150527' start_date='2011-01-21 12:00' end_date='2011-01-21 14:00' text='Giselle' details='Coliseum' />
<event id='1261150528' start_date='2011-01-22 13:00' end_date='2011-01-22 15:00' text='Giselle' details='Coliseum' />
<event id='1261150529' start_date='2011-01-23 15:00' end_date='2011-01-23 17:00' text='Billy Connolly' details='Hammersmith Apollo' />
<event id='1261150530' start_date='2011-01-24 11:00' end_date='2011-01-24 13:00' text='Jersey Boys' details='Prince Edward Theatre' />
<event id='1261150531' start_date='2011-01-26 18:00' end_date='2011-01-28 18:00' text='Dirty Dancing' details='Aldwych Theatre' />
<event id='1261150532' start_date='2011-01-27 16:00' end_date='2011-01-27 18:00' text='Billy Elliot' details='Victoria Palace Theatre' />
<event id='1261150533' start_date='2011-01-28 18:00' end_date='2011-01-28 20:00' text='Reel Big Fish' details='Koko' />
<event id='1261150534' start_date='2011-01-29 14:00' end_date='2011-01-29 16:00' text='Jersey Boys' details='Prince Edward Theatre' />
<event id='1261150535' start_date='2011-01-30 15:00' end_date='2011-01-30 17:00' text='West Ham  - Blackburn Rovers     Competition: Premier League' details='Craven Cottage' />
<event id='1261150536' start_date='2011-01-30 17:00' end_date='2011-02-01 17:00' text='The Lion King' details='Lyceum Theatre' />
<event id='1261150537' start_date='2011-02-01 09:00' end_date='2011-02-01 11:00' text='Legally Blonde The Musical' details='Savoy Theatre' />
<event id='1261150538' start_date='2011-02-02 17:00' end_date='2011-02-02 19:00' text='Daniel Barenboim      + Berlin Staatskapelle' details='Royal Festival Hall' />
<event id='1261150539' start_date='2011-02-03 09:00' end_date='2011-02-03 11:00' text='Cat On a Hot Tin Roof' details='Novello Theatre' />
<event id='1261150540' start_date='2011-02-04 13:00' end_date='2011-02-04 15:00' text='Wicked' details='Apollo Victoria Theatre' />
<event id='1261150541' start_date='2011-02-05 15:00' end_date='2011-02-07 15:00' text='Wicked' details='Apollo Victoria Theatre' />
<event id='1261150542' start_date='2011-02-06 15:00' end_date='2011-02-06 17:00' text='Jersey Boys' details='Prince Edward Theatre' />
<event id='1261150543' start_date='2011-02-06 06:00' end_date='2011-02-06 08:00' text='Cirque du Soleil Varekai' details='Royal Albert Hall' />
<event id='1261150544' start_date='2011-02-08 08:00' end_date='2011-02-08 10:00' text='Wicked' details='Apollo Victoria Theatre' />
<event id='1261150545' start_date='2011-02-10 14:00' end_date='2011-02-10 16:00' text='Wicked' details='Apollo Victoria Theatre' />
<event id='1261150546' start_date='2011-02-10 09:00' end_date='2011-02-12 09:00' text='Cirque du Soleil Varekai' details='Royal Albert Hall' />
<event id='1261150547' start_date='2011-02-11 12:00' end_date='2011-02-11 14:00' text='Cirque du Soleil Varekai' details='Royal Albert Hall' />
<event id='1261150548' start_date='2011-02-12 14:00' end_date='2011-02-12 16:00' text='Cirque du Soleil Varekai' details='Royal Albert Hall' />
<event id='1261150549' start_date='2011-02-13 06:00' end_date='2011-02-13 08:00' text='Billy Elliot' details='Victoria Palace Theatre' />
<event id='1261150550' start_date='2011-02-14 07:00' end_date='2011-02-14 09:00' text='Ne-Yo' details='Wembley Arena' />
<event id='1261150551' start_date='2011-02-16 08:00' end_date='2011-02-18 08:00' text='Dirty Dancing' details='Aldwych Theatre' />
<event id='1261150552' start_date='2011-02-17 08:00' end_date='2011-02-17 10:00' text='Billy Elliot' details='Victoria Palace Theatre' />
<event id='1261150553' start_date='2011-02-18 12:00' end_date='2011-02-18 14:00' text='Dirty Dancing' details='Aldwych Theatre' />
<event id='1261150554' start_date='2011-02-19 09:00' end_date='2011-02-19 11:00' text='Dirty Dancing' details='Aldwych Theatre' />
<event id='1261150555' start_date='2011-02-20 11:00' end_date='2011-02-20 13:00' text='Fulham - Birmingham City     Competition: Premier League' details='Craven Cottage' />
<event id='1261150556' start_date='2011-02-20 16:00' end_date='2011-02-22 16:00' text='Legally Blonde The Musical' details='Savoy Theatre' />
<event id='1261150557' start_date='2011-02-22 16:00' end_date='2011-02-22 18:00' text='Wicked' details='Apollo Victoria Theatre' />
<event id='1261150558' start_date='2011-02-24 11:00' end_date='2011-02-24 13:00' text='Sister Act' details='Palladium' />
<event id='1261150559' start_date='2011-02-25 16:00' end_date='2011-02-25 18:00' text='Legally Blonde The Musical' details='Savoy Theatre' />
<event id='1261150560' start_date='2011-02-26 15:00' end_date='2011-02-26 17:00' text='Grease' details='Piccadilly Theatre' />
<event id='1261150561' start_date='2011-02-27 13:00' end_date='2011-03-01 13:00' text='The Lion King' details='Lyceum Theatre' />
<event id='1261150562' start_date='2011-02-27 14:00' end_date='2011-02-27 16:00' text='Cinderella On Ice' details='Royal Albert Hall' />
<event id='1261150563' start_date='2011-02-28 15:00' end_date='2011-02-28 17:00' text='Legally Blonde The Musical' details='Savoy Theatre' />
<event id='1261150564' start_date='2011-03-06 16:00' end_date='2011-03-06 18:00' text='Fulham - Stoke City     Competition: Premier League' details='Craven Cottage' />
<event id='1261150565' start_date='2011-03-09 14:00' end_date='2011-03-09 16:00' text='The 69 Eyes' details='Carling Academy Islington' />
<event id='1261150566' start_date='2011-03-13 13:00' end_date='2011-03-15 13:00' text='Sara Baras' details='Royal Albert Hall' />
<event id='1261150567' start_date='2011-03-18 16:00' end_date='2011-03-18 18:00' text='Trivium' details='Koko' />
<event id='1261150568' start_date='2011-03-22 11:00' end_date='2011-03-22 13:00' text='Love Never Dies' details='Adelphi Theatre' />
<event id='1261150569' start_date='2011-03-27 14:00' end_date='2011-03-27 16:00' text='West Ham  - Stoke City     Competition: Premier League' details='Boleyn Ground' />
<event id='1261150570' start_date='2011-03-31 08:00' end_date='2011-03-31 10:00' text='Swan Lake      Ballet Nacional de Cuba' details='Coliseum' />
<event id='1261150571' start_date='2011-04-03 09:00' end_date='2011-04-05 09:00' text='Peter Andre' details='Hammersmith Apollo' />
<event id='1261150572' start_date='2011-04-08 10:00' end_date='2011-04-08 12:00' text='Paolo Nutini' details='Royal Albert Hall' />
<event id='1261150573' start_date='2011-04-12 10:00' end_date='2011-04-12 12:00' text='Love Never Dies' details='Adelphi Theatre' />
<event id='1261150574' start_date='2011-04-17 08:00' end_date='2011-04-17 10:00' text='Dancing On Ice' details='O2 Arena' />
<event id='1261150575' start_date='2011-04-20 16:00' end_date='2011-04-20 18:00' text='Love Never Dies' details='Adelphi Theatre' />
<event id='1261150576' start_date='2011-04-24 06:00' end_date='2011-04-26 06:00' text='Love Never Dies' details='Adelphi Theatre' />
<event id='1261150577' start_date='2011-04-30 11:00' end_date='2011-04-30 13:00' text='Deadmau5' details='Brixton Academy' />
<event id='1261150578' start_date='2011-05-06 14:00' end_date='2011-05-06 16:00' text='Love Never Dies' details='Adelphi Theatre' />
<event id='1261150579' start_date='2011-05-10 15:00' end_date='2011-05-10 17:00' text='Lee Mack' details='Hammersmith Apollo' />
<event id='1261150580' start_date='2011-05-14 09:00' end_date='2011-05-14 11:00' text='Gotan Project' details='Brixton Academy' />
<event id='1261150581' start_date='2011-05-19 15:00' end_date='2011-05-21 15:00' text='Love Never Dies' details='Adelphi Theatre' />
<event id='1261150582' start_date='2011-05-24 07:00' end_date='2011-05-24 09:00' text='Love Never Dies' details='Adelphi Theatre' />
<event id='1261150583' start_date='2011-05-29 14:00' end_date='2011-05-29 16:00' text='Guiness Premiership Final 2011     Competition: Guinness Premiership Final' details='Twickenham Stadium' />
<event id='1261150584' start_date='2011-06-04 11:00' end_date='2011-06-04 13:00' text='Mark Knopfler' details='Royal Albert Hall' />
<event id='1261150585' start_date='2011-06-11 15:00' end_date='2011-06-11 17:00' text='Swan Lake' details='Royal Albert Hall' />
<event id='1261150586' start_date='2011-06-18 15:00' end_date='2011-06-20 15:00' text='Leona Lewis' details='O2 Arena' />
<event id='1261150587' start_date='2011-06-26 17:00' end_date='2011-06-26 19:00' text='Wimbledon: 3rd Round (Centre Court)' details='All England Lawn Tennis Club' />
<event id='1261150588' start_date='2011-07-05 09:00' end_date='2011-07-05 11:00' text='Placido Domingo' details='Royal Opera House' />
<event id='1261150589' start_date='2011-07-17 11:00' end_date='2011-07-17 13:00' text='Pakistan v Australia 1st Test (Day 5)' details='Lords Cricket Ground' />
<event id='1261150590' start_date='2011-08-22 07:00' end_date='2011-08-22 09:00' text='npower: England v Pakistan 3rd Test (Day 5)' details='Oval Cricket Ground' />
<event id='1261150591' start_date='2011-10-23 06:00' end_date='2011-10-25 06:00' text='Level 42' details='Indigo2' />
<event id='1261150592' start_date='2011-11-24 09:00' end_date='2011-11-24 11:00' text='Jason Manford' details='Hammersmith Apollo' />



</data>